,0
0,Vintage Long Sleeve A-line Party Dress
1,Vintage Printing Elastic Waist Slit Dress
2,Women's V Neck Half Sleeve Solid A-line Party Midi Dress
3,Casual Simple Color Swing T-shirt Loose Dress
4,Favourite V Neck Lace Paneled Skater Dress
5,Women's off Shoulder Long Sleeve A-line Lace Party Dress
6,Women's V Neck Short Sleeve Loose Side Slit Maxi Dress
7,Long Sleeve Floral Printed Maxi Prom Dress
8,Solid Vintage V Neck 3/4 Sleeve A-line Swing Dress
9,Women's Elegant Fashion Maxi Surplice Chiffon Dress
10,Bohemian Halter Backless Floral Printed Split Maxi Dress
11,Short Sleeve High Slit Solid Maxi Dress with Belt
12,V Neck Backless Velvet Prom Dress
13,V Neck Backless Hollowed out Crochet Bodycon Dress with Belt
14,Sleeveless Lace Chiffon Evening Dress
15,Women's Sleeveless Back Criss Cross Strap Dress
16,Fashion Sequin V Back Short Sleeve Bodycon Mini Dress
17,Casual Long Sleeve Knitted Dress with Belt
18,Stripped Print Slim Chiffon Midi Dress
19,Chiffon Relaxed Mini Loose Fit Dress
20,Fashion Solid High Neck Sweater Dress
21,Floral Print Slim Chiffon Dress
22,Elegant Solid Color Long Sleeve Dress with Belt
23,Elegant V Neck Half Sleeve A-line Prom Dress
24,Casual Solid Halter Backless Maxi Dress
25,Rhinestone Sleeveless Backless Cocktail Dress
26,Deep V Neck Floral Printed High Split Maxi Dress
27,Casual Short Sleeve Swing T-shirt Loose Dress
28,Chic Floral Printing Maxi Chiffon Dress
29,Sequin Cut Out Bodycon Dress
30,Floral Printed V-Neck Half Sleeve A-Line Dress
31,Solid Long Sleeve Pleated Mini Dress
32,Fashion Long Sleeve Plaid Midi Pleated Dress with Belt
33,Solid Color V Neck Long Sleeve Pleated A-line Dress
34,3/4 Sleeve Solid Color Sequin Bodycon Mini Dress
35,Fashion Paneled Long Sleeve Dress
36,Elegant Sleeveless High Low Evening Prom Dress
37,Sheer Floral Lace Trim Tie Waist Dress
38,V Neck Sleeveless Lace Bodycon Mini Dress
39,Halter V Neck Sleeveless Backless A-line Party Dress
40,Elegant 3/4 Sleeve Lace A-line Cocktail Dress
41,Women's Bohemian Print Half Sleeve High Slit Dress
42,Women's V Neck 3/4 Sleeve Floral Print Maxi Prom Dress
43,Bohemian V Neck Half Sleeve High Slit Print Maxi Dress
44,Fashion Long Sleeve Plaid Midi Pleated Dress with Belt
45,Off Shoulder Flare Sleeve Lace Panel Maxi Dress
46,Fashion A-line Denim Suspender Dress
47,Floral Print Flounce Trim Cami Dress
48,Weaved Scoop Back Mock Neck Body-con Dress
49,Chic Lantern Sleeve Belted Slim Fit Midi Dress
50,Hot Deep V Long Sleeve Bodycon Dress
51,Casual Long Sleeve Round Neck Loose Dress
52,Sleeveless Lace Bodycon Mini Club Dress
53,Lace Deep V Neck Backless Mini Club Dress
54,Spaghetti Strap V Neck Bodycon Night Club Dress
55,off Shoulder Floral Printed High Split Maxi Dress
56,Deep V Neck Short Sleeve High Waist Lace Prom Dress
57,V Neck Floral Print Slip Dress
58,Short Sleeve A-line Floor Length Lace Evening Dress
59,Elegant Floral Printed V Neck Long Sleeve Maxi Dress
